dataset,rows_used,dimensions,algorithm,k,silhouette_score,davies_bouldin_index,cluster_compactness,cluster_separation_min,cluster_separation_mean,runtime_seconds
original_28d,500000,28,minibatch,2,0.13134596727156614,3.125625575647793,4.899174936784897,2.954875241584903,2.954875241584903,1.7234212000039406
pca_2d,500000,2,minibatch,2,0.35027362252020794,1.1574520652178015,0.9388258239385779,1.6191284645199306,1.6191284645199306,0.044881700014229864
pca_5d,500000,5,minibatch,2,0.1446179823365308,2.316387837996494,1.8904485040221861,1.6212282026914524,1.6212282026914524,0.1400118000456132
pca_10d,500000,10,minibatch,2,0.0965447485427115,3.0994086024804868,2.872431790299275,1.7518789595940887,1.7518789595940887,0.17445540003245696
