dataset,rows_used,dimensions,algorithm,k,silhouette_score,davies_bouldin_index,cluster_compactness,cluster_separation_min,cluster_separation_mean,runtime_seconds
original_28d,200000,28,minibatch,2,0.18151396987274618,2.79339103679423,4.899934467529455,3.742574598799661,3.742574598799661,1.657871100000193
pca_2d,200000,2,minibatch,2,0.35152631959774067,1.13326487458024,0.926880999568,1.6302530636609078,1.6302530636609078,0.039380700000037905
pca_5d,200000,5,minibatch,2,0.1825274220027521,2.075025591239996,1.860949879057376,1.7807666077047755,1.7807666077047755,0.07075880000047619
pca_10d,200000,10,minibatch,2,0.09549866882337069,3.0977022563684775,2.8700839594296226,1.7924202992181024,1.7924202992181024,0.12421870000071067
